subgroup,n,n_early,mort_early,mort_deferred,rd,rd_ci_lo,rd_ci_hi
Day-2 mode: controlled,486,283,0.1057,0.165,-0.0594,-0.1161,0.009
Day-2 mode: assisted,1416,493,0.0901,0.1343,-0.0442,-0.0768,-0.0116
Age >= 65,1149,486,0.1162,0.1713,-0.0552,-0.1008,-0.0168
Age < 65,753,290,0.0553,0.0857,-0.0304,-0.0655,0.0078
SOFA >= median,1185,454,0.1257,0.172,-0.0463,-0.0858,-0.007
SOFA < median,717,322,0.0387,0.0783,-0.0396,-0.0742,-0.003
Sepsis-3,1185,454,0.1257,0.172,-0.0463,-0.0858,-0.007
No sepsis,717,322,0.0387,0.0783,-0.0396,-0.0742,-0.003
No ARDS,1875,772,0.0919,0.1363,-0.0444,-0.0754,-0.0165
