strategy,variable,t_label,t_hours,n,median,q1,q3,mean
deferred,Lactate,"Day 1
00:00",0,799,1.5,1.1,2.3,2.067083854818523
deferred,Lactate,"Day 1
06:00",6,381,2.0,1.4,3.1,2.5818897637795275
deferred,Lactate,"Day 1
12:00",12,269,2.0,1.3,3.0,2.5617100371747212
deferred,Lactate,"Day 1
18:00",18,235,1.8,1.2,2.7,2.277531914893617
deferred,Lactate,"Day 2
00:00",24,194,1.8,1.2,2.6,2.156185567010309
deferred,Lactate,"Day 2
06:00",30,175,1.8,1.2,2.6,2.242285714285714
deferred,Lactate,"Day 2
12:00",36,155,1.6,1.1,2.6,2.165806451612903
deferred,Lactate,"Day 2
18:00",42,137,1.5,1.1,2.3,2.1715328467153285
deferred,Norepinephrine,"Day 1
00:00",0,210,0.1000081283564213,0.05001617864763827,0.15009593334980303,0.13112763007960718
deferred,Norepinephrine,"Day 1
06:00",6,120,0.10011146878241556,0.060025306993338676,0.20003587997052813,0.15948654337686696
deferred,Norepinephrine,"Day 1
12:00",12,133,0.1197945457533933,0.0600138373556546,0.2001878310693428,0.15690215390951973
deferred,Norepinephrine,"Day 1
18:00",18,129,0.1003863726509735,0.0600243329245131,0.1976734638446942,0.14853031815752987
deferred,Norepinephrine,"Day 2
00:00",24,111,0.1199549660668708,0.0700907294231001,0.19029953546123574,0.14465500816686058
deferred,Norepinephrine,"Day 2
06:00",30,126,0.0802474860392976,0.04248778895998835,0.14815374743193385,0.11633927185054438
deferred,Norepinephrine,"Day 2
12:00",36,107,0.1006478123599663,0.0502067214256385,0.1921370421769097,0.14215552370935985
deferred,Norepinephrine,"Day 2
18:00",42,96,0.1013325672829523,0.0500263540743617,0.17834747632150535,0.13275604643088926
deferred,P/F ratio,"Day 1
00:00",0,722,222.5,126.0,326.0,246.47234821116558
deferred,P/F ratio,"Day 1
06:00",6,569,238.0,152.0,326.0,255.46392037956187
deferred,P/F ratio,"Day 1
12:00",12,362,232.66666666666669,166.875,314.75,248.28336987226606
deferred,P/F ratio,"Day 1
18:00",18,305,242.0,168.0,328.0,259.5305819042291
deferred,P/F ratio,"Day 2
00:00",24,270,230.83333333333331,150.5,309.6428571428571,246.75914160486008
deferred,P/F ratio,"Day 2
06:00",30,235,216.0,155.5,325.3571428571429,246.6311240684341
deferred,P/F ratio,"Day 2
12:00",36,207,228.0,147.2077922077922,318.75,248.4804345935162
deferred,P/F ratio,"Day 2
18:00",42,197,224.0,166.0,325.0,243.22543432315004
deferred,RASS,"Day 1
00:00",0,997,-1.0,-4.0,0.0,-1.9598796389167503
deferred,RASS,"Day 1
06:00",6,850,-1.0,-3.0,0.0,-1.628235294117647
deferred,RASS,"Day 1
12:00",12,876,-1.0,-3.0,0.0,-1.221461187214612
deferred,RASS,"Day 1
18:00",18,828,0.0,-2.0,0.0,-1.1292270531400965
deferred,RASS,"Day 2
00:00",24,868,0.0,-1.25,0.0,-0.9124423963133641
deferred,RASS,"Day 2
06:00",30,830,0.0,-1.0,0.0,-0.8493975903614458
deferred,RASS,"Day 2
12:00",36,824,0.0,-1.0,0.0,-0.8155339805825242
deferred,RASS,"Day 2
18:00",42,740,0.0,-2.0,0.0,-0.8891891891891892
deferred,RR,"Day 1
00:00",0,1125,18.0,15.0,22.0,19.38222222222222
deferred,RR,"Day 1
06:00",6,1118,18.0,15.0,22.0,19.07871198568873
deferred,RR,"Day 1
12:00",12,1120,19.0,16.0,23.0,19.367857142857144
deferred,RR,"Day 1
18:00",18,1120,19.0,16.0,23.0,19.254464285714285
deferred,RR,"Day 2
00:00",24,1122,19.0,16.0,23.0,19.836007130124777
deferred,RR,"Day 2
06:00",30,1115,19.0,16.0,23.0,19.495964125560537
deferred,RR,"Day 2
12:00",36,1066,19.0,16.0,23.0,19.414634146341463
deferred,RR,"Day 2
18:00",42,1018,19.0,16.0,23.0,19.611984282907663
deferred,SpO2,"Day 1
00:00",0,1125,98.0,95.0,100.0,96.848
deferred,SpO2,"Day 1
06:00",6,1119,98.0,95.0,100.0,97.2243074173369
deferred,SpO2,"Day 1
12:00",12,1125,97.0,95.0,99.0,96.88266666666667
deferred,SpO2,"Day 1
18:00",18,1121,97.0,95.0,99.0,96.63514719000892
deferred,SpO2,"Day 2
00:00",24,1124,97.0,95.0,99.0,96.4991103202847
deferred,SpO2,"Day 2
06:00",30,1119,97.0,95.0,99.0,96.42091152815013
deferred,SpO2,"Day 2
12:00",36,1068,97.0,95.0,99.0,96.28277153558052
deferred,SpO2,"Day 2
18:00",42,1019,96.0,94.0,98.0,96.17860647693817
early,Lactate,"Day 1
00:00",0,524,1.5,1.1,2.1,1.860267175572519
early,Lactate,"Day 1
06:00",6,226,1.75,1.3,2.7,2.207079646017699
early,Lactate,"Day 1
12:00",12,160,1.6,1.2,2.5,2.02375
early,Lactate,"Day 1
18:00",18,132,1.6,1.1,2.3,1.9136363636363636
early,Lactate,"Day 2
00:00",24,88,1.5,1.175,2.225,1.8090909090909089
early,Lactate,"Day 2
06:00",30,73,1.4,1.0,2.0,1.715068493150685
early,Lactate,"Day 2
12:00",36,64,1.3,1.0,2.025,1.715625
early,Lactate,"Day 2
18:00",42,50,1.4,0.9,2.275,1.754
early,Norepinephrine,"Day 1
00:00",0,126,0.06003004637022965,0.05000439432478743,0.12005320058960925,0.10939990625047354
early,Norepinephrine,"Day 1
06:00",6,69,0.1000098491203971,0.050020851631416,0.2195099077653139,0.14436746784232798
early,Norepinephrine,"Day 1
12:00",12,78,0.0900094310054555,0.047918878408381674,0.1587489568919409,0.12552894672924778
early,Norepinephrine,"Day 1
18:00",18,68,0.0809780140116345,0.0478504989587236,0.1502550985605921,0.12217199395415847
early,Norepinephrine,"Day 2
00:00",24,56,0.0649932571832323,0.030039938337722526,0.1998522675421554,0.12244448868971496
early,Norepinephrine,"Day 2
06:00",30,49,0.0992155692074447,0.030006038286956,0.150127278175205,0.12158089695582686
early,Norepinephrine,"Day 2
12:00",36,46,0.08004104165593155,0.039988908611121504,0.13717794172407594,0.11043170837618396
early,Norepinephrine,"Day 2
18:00",42,36,0.07934128370834509,0.040017876926867674,0.12001780123682687,0.11784098155153006
early,P/F ratio,"Day 1
00:00",0,448,234.0,136.0,348.0,265.0899106355505
early,P/F ratio,"Day 1
06:00",6,347,238.33333333333337,162.0,332.5,261.4768423219432
early,P/F ratio,"Day 1
12:00",12,213,240.0,150.0,330.0,255.36798210534747
early,P/F ratio,"Day 1
18:00",18,165,232.5,143.33333333333334,322.5,240.8804713804714
early,P/F ratio,"Day 2
00:00",24,125,222.5,157.5,300.0,231.46953246753247
early,P/F ratio,"Day 2
06:00",30,108,213.0,162.5595238095238,318.125,243.69899285250162
early,P/F ratio,"Day 2
12:00",36,90,222.0,150.35714285714286,301.25,238.13755221386802
early,P/F ratio,"Day 2
18:00",42,82,222.66666666666669,157.625,283.75,227.00682346109176
early,RASS,"Day 1
00:00",0,664,-1.0,-4.0,0.0,-1.7379518072289157
early,RASS,"Day 1
06:00",6,567,-1.0,-3.0,0.0,-1.3844797178130512
early,RASS,"Day 1
12:00",12,600,0.0,-2.0,0.0,-0.8883333333333333
early,RASS,"Day 1
18:00",18,554,0.0,-1.0,0.0,-0.6660649819494585
early,RASS,"Day 2
00:00",24,576,0.0,-1.0,0.0,-0.5659722222222222
early,RASS,"Day 2
06:00",30,534,0.0,-1.0,0.0,-0.50187265917603
early,RASS,"Day 2
12:00",36,541,0.0,-1.0,0.0,-0.4510166358595194
early,RASS,"Day 2
18:00",42,476,0.0,-1.0,0.0,-0.3802521008403361
early,RR,"Day 1
00:00",0,776,18.0,15.0,22.0,18.882731958762886
early,RR,"Day 1
06:00",6,775,18.0,15.0,22.0,18.829677419354837
early,RR,"Day 1
12:00",12,776,18.0,15.0,23.0,19.311855670103093
early,RR,"Day 1
18:00",18,775,19.0,15.5,23.0,19.301935483870967
early,RR,"Day 2
00:00",24,776,19.0,16.0,24.0,19.79381443298969
early,RR,"Day 2
06:00",30,770,19.0,16.0,22.0,19.542857142857144
early,RR,"Day 2
12:00",36,728,20.0,16.0,23.0,19.7239010989011
early,RR,"Day 2
18:00",42,674,19.0,16.0,23.0,19.793768545994066
early,SpO2,"Day 1
00:00",0,776,98.0,95.0,100.0,97.17268041237114
early,SpO2,"Day 1
06:00",6,774,98.0,95.0,100.0,97.19121447028424
early,SpO2,"Day 1
12:00",12,776,97.0,95.0,99.0,96.8582474226804
early,SpO2,"Day 1
18:00",18,775,97.0,95.0,99.0,1143.116129032258
early,SpO2,"Day 2
00:00",24,776,97.0,95.0,99.0,96.35695876288659
early,SpO2,"Day 2
06:00",30,769,97.0,95.0,98.0,96.41352405721716
early,SpO2,"Day 2
12:00",36,728,96.0,95.0,98.0,96.33653846153847
early,SpO2,"Day 2
18:00",42,673,96.0,94.0,98.0,96.09509658246657
